word	number_stories_observed	number_words_read	condition	number_observed	baseline_prob_3_word_265	baseline_prob_3_word_100	baseline_prob_3_word_30	baseline_prob_2_word_100	baseline_prob_1_word_100	baseline_prob_2_word_30	baseline_prob_1_word_30
antibiot	1	265	Chain	1	0.8549711700775386	0.8717022358221245	0.8900713662593986	0.7632504720762365	0.4979717703959982	0.7934683100418963	0.5417185979837522
peopl	1	265	Chain	1	0.7442173468629496	0.7702925616603501	0.7998472790204895	0.5989331382499974	0.3013018561051567	0.6402381763058377	0.3394536291302904
die	1	265	Chain	1	0.6584145986895468	0.689588444244598	0.7258309347924774	0.5069654564210749	0.23583440495544516	0.5506357851062601	0.2688866879311876
resist	1	265	Chain	1	0.6186239251664035	0.6515070967102393	0.6901983252410401	0.5768086110588578	0.39186383375546396	0.6189425271456858	0.43435409836276206
infect	1	265	Chain	1	0.6185861591114546	0.6514707523658464	0.6901640970378077	0.525734826479151	0.29888027478422013	0.5691555320140252	0.3368732586607478
bacteria	1	265	Chain	1	0.5561445902069257	0.5908519258440317	0.632478529570336	0.536862486812497	0.37631043943595827	0.5800781461732951	0.4182741819261984
use	1	265	Chain	1	0.5434264206354338	0.5783743032689564	0.6204549084039451	0.575080624802598	0.4640452589753287	0.6172724286384936	0.5078265098318279
live	1	265	Chain	1	0.5054308087864505	0.5408296158975763	0.583961964844809	0.4727380669383203	0.3067875882159707	0.5165490132323936	0.3452907061056537
cancer	1	265	Chain	1	0.5018938042790311	0.5373140215084958	0.5805204686494704	0.43629960644769655	0.25065772891200194	0.47980661787560125	0.28501265837606565
diseas	1	265	Chain	1	0.46636550424357187	0.5018043370014492	0.5455219949927588	0.4359553975605745	0.2777619981223715	0.4794572793993004	0.31427379301498304
penicillin	1	265	Chain	1	0.4186022840434563	0.4534960577368621	0.49720534975067054	0.43264317213265613	0.3124304191740161	0.47609351762514646	0.3512828586814271
year	1	265	Chain	1	0.40516704353648436	0.4397880379329586	0.48334463698316943	0.3204590004181045	0.15518626674689176	0.3597874021339411	0.17959205019545854
develop	1	265	Chain	1	0.385384799378356	0.41950756273173956	0.4627145957837573	0.36605741969154426	0.23028066963439328	0.40762507146788185	0.2628222980553706
heart	1	265	Chain	1	0.3790258833569129	0.4129639197044767	0.45602644592239977	0.3706776821146688	0.24230545565249728	0.41242865987335475	0.27593717356695263
long	1	265	Chain	1	0.3575837178652285	0.3908101305883751	0.43326754154761443	0.3376842243220389	0.20807958778577118	0.3779508363607529	0.2384558392317196
million	1	265	Chain	1	0.334801867266374	0.3671211349386091	0.4087316979594848	0.2793416855100755	0.14380282798684765	0.3159702859537633	0.16677177097037257
save	1	265	Chain	1	0.33328270315436087	0.3655359076715728	0.4070823671030556	0.3147841924579205	0.19193855085428124	0.35377872977539493	0.22061490374146844
enough	1	265	Chain	1	0.31889659932850944	0.350489472911485	0.3913807143803089	0.31389339737851213	0.20096777034389188	0.35283440706709907	0.23060813958537513
drug	1	265	Chain	1	0.30931218586693215	0.3404301292412054	0.38083589732217804	0.2780695344655009	0.15710564257972695	0.31460414573661155	0.18174834229761191
2050	1	265	Chain	1	0.3041219746684105	0.3349709990425114	0.375097307927075	0.27803366851018474	0.16031693387044463	0.31456562076094174	0.18535257374316483
death	1	265	Chain	1	0.303782709804797	0.3346138683048365	0.37472150191877324	0.29653543216842143	0.18641163155365856	0.33437249867493707	0.21448141612155916
like	1	265	Chain	1	0.27863876957430544	0.30804714906691283	0.34662930175172946	0.2588694707253993	0.15089141840301912	0.2939084508909869	0.17476148537447908
discov	1	265	Chain	1	0.27745585106350906	0.30679247952547045	0.34529590551533995	0.27661549733642943	0.17644036924250975	0.31304190638862556	0.2033840283580493
injuri	1	265	Chain	1	0.2774100792501018	0.3067439226507246	0.34524428966874504	0.22553940308915085	0.11054919584577153	0.25763528801054464	0.12900699278639333
could	1	265	Chain	1	0.27514381956908657	0.30433895498620783	0.34268667845253603	0.22266910837087706	0.10843533166943516	0.25449075237657015	0.12659042020140407
new	1	265	Chain	1	0.26873424959231895	0.2975284362543061	0.3354317909524159	0.2855656068895186	0.19652924060685487	0.32264493782638975	0.22569989047695346
time	1	265	Chain	1	0.263124579056086	0.2915573486304844	0.32905634547828727	0.2837016028391806	0.19818114359432012	0.320647528897472	0.2275275506350381
chang	1	265	Chain	1	0.26067712783590974	0.2889491350883425	0.326267165960201	0.22850886902360587	0.12279839013794415	0.2608849811814342	0.1429726205974378
treat	1	265	Chain	1	0.26061322962542804	0.28888101459804993	0.3261942836459637	0.26577824318364063	0.17297917088680023	0.3013720930201373	0.19952233176941347
help	1	265	Chain	1	0.24964070279149853	0.2771644736264149	0.3136318319362421	0.25188612434376295	0.16086966386282847	0.2863450803773745	0.1859725026777304
food	1	265	Chain	1	0.23542790467610078	0.2619316686846574	0.29721890824666	0.2720181018852061	0.20325904895950364	0.308096949624994	0.23313875280078583
thing	1	265	Chain	1	0.23507958180890376	0.2615575473619074	0.29681465451146455	0.19226222004141186	0.09397384262097999	0.2209737064504837	0.11000642444852096
10	1	265	Chain	1	0.2272332592409604	0.25311990785167254	0.2876827443305916	0.2080836873391069	0.11668793908632208	0.23846035704472104	0.13601395379719025
effect	1	265	Chain	1	0.22433092642657335	0.24999390091748208	0.2842923649238389	0.2912465946014894	0.2472718471963416	0.32872416898327894	0.28133694200742365
fleme	1	265	Chain	1	0.2165264956464902	0.2415747172345002	0.2751418402247206	0.2394545649890097	0.16791666408774797	0.2728330676052183	0.1938650967546779
fight	1	265	Chain	1	0.21578315825269562	0.240771815177648	0.27426771863354965	0.23994476413407917	0.1692857226305823	0.27336703701142434	0.19539603735449174
world	1	265	Chain	1	0.2144311856944534	0.23931105524358534	0.2726767256064929	0.1608486613626577	0.07039877251144828	0.18594894909767254	0.08277675171110224
take	1	265	Chain	1	0.21332442217096986	0.23811480091839626	0.27137318536549015	0.20987515904349313	0.12769448611060744	0.24043395158913383	0.14853687977406568
compani	1	265	Chain	1	0.21290115497843212	0.23765720573376145	0.27087439961947896	0.198274788236654	0.11286116954514866	0.22763112536738386	0.13164784956315298
them	1	265	Chain	1	0.2067156471839041	0.23096350348077802	0.2635685837572344	0.20885078501126683	0.13078448321264877	0.23930559820637315	0.15204331983525085
work	1	265	Chain	1	0.20251209173700013	0.22640759619649808	0.25858577892499207	0.18570249218169127	0.1033228326505275	0.21369354170894186	0.1207378648916969
bacteri	1	265	Chain	1	0.19786654120014388	0.22136604794432221	0.2530620961025991	0.25726566552181496	0.21485232946596458	0.2921731435969803	0.24591027320132242
1928	1	265	Chain	1	0.19244237889090393	0.2154707337598177	0.2465899952157035	0.2144634175743498	0.1496456650261736	0.2454827195654814	0.1733588967076385
make	1	265	Chain	1	0.187650179449142	0.21025438533684698	0.2408515633070183	0.19339469672176576	0.12281962800810699	0.22222877288547166	0.1429967788053582
alexand	1	265	Chain	1	0.17987761586172377	0.20177810457966358	0.2315033615751806	0.22496242659534058	0.17771233459543812	0.2570034509727108	0.20480192871240538
one	1	265	Chain	1	0.1791216786533569	0.20095268199120314	0.230591468090442	0.17436213628328612	0.1031338480288299	0.20106591610265556	0.12052130833325836
way	1	265	Chain	1	0.1781676379010502	0.19991068175882937	0.22943991150900903	0.19108263752929291	0.12649458915925452	0.21966587609119065	0.14717417792897416
day	1	265	Chain	1	0.16750304157124343	0.18824271621056685	0.21651484815379426	0.13581590625493845	0.06460435974769212	0.15774417115138278	0.07604687170317402
get	1	265	Chain	1	0.1654223885484204	0.18596199028799504	0.2139818756275743	0.17780648227141724	0.1171933369753487	0.20490685155223795	0.13659011277652766
would	1	265	Chain	1	0.16455168579630947	0.1850071427536872	0.2129207874513284	0.18615174899433676	0.13001518777888368	0.21419270306890537	0.1511707243602995
give	1	265	Chain	1	0.1625084481596708	0.18276547465811954	0.21042822650031806	0.1325958115206105	0.06345522808056736	0.15409687989730167	0.07471046567597103
problem	1	265	Chain	1	0.16250091722792573	0.1827572098326893	0.21041903282643656	0.1606746376716115	0.09605546216920238	0.1857537804479691	0.11239912504464288
chicken	1	265	Chain	1	0.15237789144791855	0.17163091271967965	0.19801672281474544	0.17064265327392208	0.11699161459665955	0.19691264821022855	0.13636016020847067
step	1	265	Chain	1	0.15116420719994358	0.17029468814662543	0.196523808257881	0.12344078065443448	0.058959733060623014	0.1437032587635143	0.06947674453659303
war	1	265	Chain	1	0.15104792742332537	0.17016664273069385	0.19638070893786969	0.1497469832286216	0.0893243229323739	0.17347299478761166	0.1046552921537829
today	1	265	Chain	1	0.1509547107385964	0.17006399081359583	0.19626598363876574	0.16734397020939037	0.11333184609149982	0.19322445467169086	0.13218520014454527
estim	1	265	Chain	1	0.13741071080169798	0.15511870331074143	0.17951611905745382	0.15427609455185745	0.1051678306301872	0.17856899309844712	0.12285123106582393
ear	1	265	Chain	1	0.13734705502641603	0.155048318790197	0.17943701541361776	0.12209152512260933	0.06397282951644674	0.14216844763608977	0.07531249277591212
rais	1	265	Chain	1	0.13648317154935427	0.15409298597079601	0.17836313241851656	0.12446857610502418	0.06711413129632914	0.1448718808704811	0.0789636403233673
histori	1	265	Chain	1	0.13495094360602272	0.15239795200991202	0.176456815932663	0.12271182222843363	0.06591117257746691	0.14287414707976717	0.07756594966971923
slow	1	265	Chain	1	0.13489752239150632	0.15233884054930297	0.17639031462894816	0.1397349718815911	0.08692295594616888	0.16217724640008546	0.10188788456237578
come	1	265	Chain	1	0.1304887314340511	0.14745718464280483	0.1708933180144734	0.1278297735568695	0.07453202458319046	0.14869048496112286	0.08756828119007334
it	1	265	Chain	1	0.12898363322555056	0.1457891828288647	0.16901276774501595	0.12302215558823648	0.06956413156525408	0.14322714551904384	0.08180827337362764
buy	1	265	Chain	1	0.12271403823168578	0.13883291289903626	0.16115745164583886	0.10308930083740656	0.05045553438582133	0.12047025968246633	0.05955159596546573
pharmaceut	1	265	Chain	1	0.11756257297222861	0.13310745385557726	0.15467669308165488	0.13954846994339976	0.09997357574395074	0.16196643059640436	0.1168976863950742
end	1	265	Chain	1	0.11393387158356026	0.12906912131878906	0.15009727691995667	0.10739584567756094	0.059568336472563904	0.12540137447280247	0.07018581151529688
lifestyl	1	265	Chain	1	0.11203919302617162	0.12695881269443257	0.14770146100898593	0.18550427722013263	0.187848913191032	0.21347328214789205	0.21607764351003725
common	1	265	Chain	1	0.11090276165905011	0.12569247058169392	0.14626288460506026	0.12789955309256507	0.08843373599829073	0.1487697095134831	0.10362924524741163
also	1	265	Chain	1	0.10957793412160848	0.12421565075446726	0.1445843418733773	0.14544394197625102	0.11694662945485383	0.16862338774717356	0.1363088772152914
first	1	265	Chain	1	0.10484126336703854	0.11893075536103227	0.1385699556700547	0.12115807525756758	0.08366133867744963	0.1411061715241548	0.09812508266142374
now	1	265	Chain	1	0.10444026578218833	0.11848300100332267	0.1380598488357778	0.10117535376442811	0.05760708670393807	0.11827617300348182	0.0679002277140228
attack	1	265	Chain	1	0.09838738107092203	0.11171778818279483	0.1303421062520436	0.1364719690767209	0.11408405001350908	0.15848673301274133	0.13304376106939195
thousand	1	265	Chain	1	0.09645772229695236	0.10955845139014594	0.127874611123781	0.10257554553747625	0.06441741166407833	0.1198814623467223	0.07582949624184444
current	1	265	Chain	1	0.09036051446060596	0.10272728222029238	0.12005537439186946	0.10500181690858694	0.07231961354476961	0.12266112945350233	0.08500444464724081
gore	1	265	Chain	1	0.090211256563024	0.10255989999573524	0.11986352974313035	0.08904154388619522	0.05142311455460079	0.10432953919691887	0.060682462744988515
miracl	1	265	Chain	1	0.08929176717817307	0.1015285915482761	0.11868123214778943	0.1109543929746754	0.08204427722318326	0.12946999570368845	0.09625782363260538
ox	1	265	Chain	1	0.08493477192716921	0.0966378595775502	0.11306822134528037	0.08449630430702942	0.04909923675901616	0.09908879121393681	0.057965713086598834
industri	1	265	Chain	1	0.08425660496107708	0.09587603918712678	0.11219296260756863	0.08868292536534479	0.054737036455844726	0.10391637150129332	0.06455248864850478
70	1	265	Chain	1	0.08420116335461864	0.09581375185289616	0.11212138931890653	0.08063737037104853	0.04495941346006665	0.09463230768041218	0.05312007104381626
worldwid	1	265	Chain	1	0.0816030923598593	0.09289371365294774	0.1087641397013288	0.08290645304569554	0.0492016215648927	0.09725354021808534	0.058085457434353706
might	1	265	Chain	1	0.07795964833749211	0.08879490142292751	0.10404538614437749	0.07698580479483627	0.044243517656519196	0.09040932014204749	0.052281345240796806
call	1	265	Chain	1	0.07642442023817987	0.08706644754148245	0.10205331899390939	0.1052480173058484	0.08598702969519072	0.1229430482420446	0.10080861615282181
shrimp	1	265	Chain	1	0.07321395302869427	0.08344931928605899	0.09788032376820287	0.09147350157876977	0.0673355276242454	0.10712994701450936	0.07922080639178025
popul	1	265	Chain	1	0.06947105645895708	0.07922789469227502	0.09300295770916947	0.08104081374484963	0.05536351195700546	0.09509852750051591	0.06528354519934522
routin	1	265	Chain	1	0.06722016354523618	0.07668692853559332	0.09006341572279279	0.06815436819581615	0.040089227496862584	0.08017175514096053	0.047409772541552105
right	1	265	Chain	1	0.06528450425488776	0.07450043866323855	0.08753169316156231	0.062233406889198616	0.03426134267542633	0.07328888568681728	0.040562649224861164
ii	1	265	Chain	1	0.06497898598536966	0.07415521328127898	0.08713176763372475	0.06915438190222328	0.04277258076360777	0.08133270708659773	0.05055731544259742
quickli	1	265	Chain	1	0.064194266380062745	0.07326836046316196	0.08610415579583876	0.06908741336526077	0.04322139412898843	0.08125497462283336	0.0510834549270121
cant	1	265	Chain	1	0.06312582781023575	0.07206052389256538	0.08470406016680371	0.065121850060226	0.03893913557030914	0.0766485076775604	0.04605974377493662
golden	1	265	Chain	1	0.06276106771435412	0.07164808466273763	0.08422582386967944	0.07292006404007681	0.049411719139898454	0.08570048441368562	0.058331162878788624
mostli	1	265	Chain	1	0.062422790577307485	0.07126554944724285	0.08378219553612556	0.07616292037553872	0.05431556406113944	0.08945686062475323	0.06406055973233943
sure	1	265	Chain	1	0.06177652582031661	0.07053462270204604	0.08293435698706772	0.06293020577517963	0.037106771073283466	0.0740996866982931	0.0439076122572915
becam	1	265	Chain	1	0.061622511078479776	0.07036041065321273	0.08273224510827558	0.09298744337159322	0.08260989126688632	0.10887196074384087	0.09691108110919172
fruit	1	265	Chain	1	0.060464692693504456	0.06905049770779119	0.08121212462887457	0.06818348893601245	0.04471563032886366	0.08020556866843724	0.05283448639005902
alli	1	265	Chain	1	0.05989449951974359	0.06840523372665157	0.08046303525800351	0.06610871553000522	0.04237668222162645	0.07779551406161686	0.05009313293822366
know	1	265	Chain	1	0.059239157653067843	0.06766347310887741	0.07960169655528383	0.0651606791663878	0.04160357006711718	0.07669364577192654	0.04918647408292275
100	1	265	Chain	1	0.0576345165535125	0.0658466102517246	0.07749091815756191	0.07065835935932523	0.050492758154339845	0.08307790181741734	0.05959510921639436
europ	1	265	Chain	1	0.05721511139287134	0.06537159133734358	0.076938815550175	0.06163536681093954	0.038459526662534	0.07259283053906351	0.045496583035800085
game	1	265	Chain	1	0.05713418671143452	0.065279928987451	0.07683226726267879	0.05917533209753153	0.035429861993700046	0.06972795171449984	0.04193674878140873
shot	1	265	Chain	1	0.05650935456310756	0.0645721140820731	0.07600937888175838	0.06053746151531687	0.03754107677984861	0.07131457469075081	0.04441784464080952
climat	1	265	Chain	1	0.055196982896334505	0.06308501324323262	0.07427979290747141	0.06413843332387882	0.04327569027029584	0.07550508320262239	0.051147099670094405
state	1	265	Chain	1	0.05318380865021991	0.06080265714960173	0.07162338216223316	0.06141385840269961	0.04111997089616606	0.07233497824113262	0.04861920286745208
natur	1	265	Chain	1	0.053130652319141394	0.06074237443604358	0.07155318858768436	0.07352800244982109	0.059402852460426585	0.08640504316660522	0.06999302686897839
revolut	1	265	Chain	1	0.05228499136521797	0.05978320984176181	0.07043611545599676	0.05985438662129283	0.03969443959434689	0.07051902411347204	0.046946419632643475
case	1	265	Chain	1	0.051479511374555975	0.0588693909607212	0.06937147551308524	0.07305697360848754	0.06049853086208485	0.0858591673044884	0.07126923921807571
leapfrog	1	265	Chain	1	0.05144930904229179	0.058835122012523715	0.06933154347776024	0.054884039656985815	0.033797824466854705	0.06472404751670874	0.0400174137851671
follow	1	265	Chain	1	0.047702237534709493	0.05458109137823916	0.06437048377782532	0.0559343391497646	0.03793237426779652	0.06594951249608584	0.044877477745515634
known	1	265	Chain	1	0.04727036402044176	0.05409047735418486	0.06379781359757217	0.05834347338963607	0.04171504439613582	0.06875859074412938	0.04931722083693525
control	1	265	Chain	1	0.04702388673467526	0.05381044713274747	0.06347089997896029	0.05278513320565849	0.0341976128542602	0.06227362877850116	0.04048768968542072
still	1	265	Chain	1	0.0465633320336583	0.053287141121575454	0.06285988756988573	0.054004345754692464	0.036185789550442035	0.06369726531800368	0.0428253427089701
sepsi	1	265	Chain	1	0.04611950847539092	0.05278277681933291	0.06227087666168847	0.0576707169951579	0.041764259166269746	0.0679744072956819	0.049374942420611266
battlefield	1	265	Chain	1	0.045858952462779344	0.05248664749042346	0.06192499591064524	0.051268045070103054	0.03305333017051786	0.06050125204372822	0.039141465277936965
50	1	265	Chain	1	0.04558639558500114	0.05217685382147702	0.06156311351987509	0.05760452382054294	0.04215612483418337	0.06789723989170697	0.04983450384299934
side	1	265	Chain	1	0.04527390824370159	0.05182164290120899	0.061148125044229555	0.04975026137915789	0.03149669049144207	0.05872704086871787	0.03730916907906665
sentenc	1	265	Chain	1	0.04483492492155335	0.05132258453654979	0.060564986850070335	0.05035331232158012	0.03260001715863627	0.05943209887336694	0.03860798978151765
within	1	265	Chain	1	0.04481810259636854	0.05130345874888627	0.06054263660981834	0.04890157540495971	0.030725020937888342	0.05773452469456443	0.03640044589583262
crush	1	265	Chain	1	0.04059326988868348	0.046497035826332446	0.05492074002389379	0.04766384910448977	0.032235462210443815	0.0562864622902428	0.03817890120363436
york	1	265	Chain	1	0.04010882966650437	0.04594551412327806	0.054274988533786005	0.04599304469060419	0.030345754591668488	0.054330645226725836	0.03595372136313668
forc	1	265	Chain	1	0.040018679330408716	0.04584287153556172	0.05415479409196081	0.04575076982439237	0.03009001665442878	0.0540469390224278	0.03565246015581192
kind	1	265	Chain	1	0.039646001609914217	0.0454185215943871	0.053657830662510425	0.04498912260262636	0.029356738320831677	0.05315487260755695	0.03478848992958949
ever	1	265	Chain	1	0.038460496143764664	0.04406832539665899	0.052076059559061	0.04308489109150973	0.027724427794310228	0.050923443263343936	0.032864385856192585
avail	1	265	Chain	1	0.038357863798192005	0.04395141250579604	0.05193905650193648	0.05432944760317415	0.04448418041661416	0.06407676540557986	0.052563325242199796
were	1	265	Chain	1	0.03790753260812945	0.04343837798361198	0.051337790764237196	0.041835571940012896	0.026500624060792725	0.049458579748950446	0.03142102786163435
factori	1	265	Chain	1	0.03768299675814509	0.04318255197140068	0.05103792419765188	0.04689733157908478	0.03361683095967569	0.05538934322431212	0.03980448538898098
never	1	265	Chain	1	0.03622513020910874	0.041521100728487664	0.04908974332764057	0.044483849296974666	0.03142290182240056	0.05256293729330731	0.03722228660818017
fact	1	265	Chain	1	0.03502524262925214	0.04015310269383135	0.0474847347573889	0.04240179085993905	0.02949524508662138	0.050122574350898744	0.03495170120039834
1215	1	265	Chain	1	0.03458071037864414	0.03964616272311496	0.04688975347308557	0.04118011112666875	0.028157664388326144	0.04868975420698784	0.03337518503265993
forgo	1	265	Chain	1	0.03436452306117595	0.03939960023091418	0.04660032847684045	0.040582737369358884	0.027508943980412554	0.04798889514362738	0.03261029242976315
british	1	265	Chain	1	0.0342886779908977	0.03931309479469576	0.046498778472593934	0.04020771282257748	0.027056173103518443	0.047548822293448666	0.03207632766060081
toll	1	265	Chain	1	0.03394380785742204	0.038919726500644646	0.046036955480716076	0.03987165393884319	0.026871970965130523	0.047154420385081275	0.0318590667773718
play	1	265	Chain	1	0.033490355720204285	0.038402443946834904	0.04542954919435441	0.038780378010485894	0.025748626714591178	0.045873340718392934	0.030533785546067876
700	1	265	Chain	1	0.032606219059139394	0.03739364659093961	0.0442446497040155	0.04239543898645916	0.03168142911773585	0.05011512641767856	0.037526678866050704
seem	1	265	Chain	1	0.031784188563450826	0.03645546927816516	0.043142289723388114	0.0362704736241102	0.0237005275273841	0.04292487302888918	0.028116049303176432
made	1	265	Chain	1	0.031681376291409914	0.036338113921141245	0.04300436926579566	0.04183233021780385	0.03173704177913847	0.04945477782875053	0.037592153771992695
none	1	265	Chain	1	0.03143795866417695	0.03606024958279054	0.042677788007364326	0.03992648055423576	0.0291055619357006	0.04721876886590331	0.03449249094277503
anoth	1	265	Chain	1	0.029094165529669643	0.03338372856516183	0.03953023226972448	0.03617104583538239	0.02576180823590212	0.04280801389624652	0.030549339925037097
market	1	265	Chain	1	0.02888178287563796	0.033141101650117646	0.03924474735096132	0.03587942148387354	0.02553067091625722	0.042465237430971754	0.030276583324491547
arriv	1	265	Chain	1	0.0288785161623148	0.03313736961966617	0.03924035588265087	0.035604215906241576	0.025139193217941273	0.042141724749979355	0.02981456010213111
light	1	265	Chain	1	0.028759922219647453	0.03300188041312942	0.03908092193802999	0.03520257955779608	0.024670876704430255	0.04166952793415346	0.029261760798707362
citi	1	265	Chain	1	0.02873230008402772	0.03297032244097924	0.039043785606532884	0.0352439301805433	0.024753375283365388	0.04171814647167676	0.029359149023643394
pneumonia	1	265	Chain	1	0.028654446118612828	0.032881373756437224	0.03893911146436074	0.03503062473393436	0.024518135159176786	0.04146734158085504	0.029081443806496198
resourc	1	265	Chain	1	0.028591243904813216	0.032809163250837825	0.038854132076319506	0.03474625431219484	0.024170937802208064	0.04113294668900616	0.02867152550184746
interest	1	265	Chain	1	0.0283764235254261	0.03256371388658353	0.03856526276506176	0.03453181727073787	0.024051816166790245	0.04088076341955248	0.028530872116132998
feel	1	265	Chain	1	0.02836683083052015	0.032552753096364975	0.038552362382965034	0.034514982954552166	0.02403627862456507	0.04086096497503456	0.028512525624615277
decid	1	265	Chain	1	0.028313519778917398	0.03249183832308922	0.03848066731398719	0.03451065729736641	0.02407563470150421	0.040855877650551015	0.028558996465346695
alreadi	1	265	Chain	1	0.028214932463309278	0.032379186962055204	0.038348075272221	0.03409037879809582	0.023569003783351247	0.04036155600043541	0.02796072382374832
two	1	265	Chain	1	0.02797170568185554	0.032101248058174874	0.038020913409011856	0.03439516763417879	0.024206482070126795	0.04072004931928534	0.0287134933111942
hope	1	265	Chain	1	0.02789613574554188	0.03201488897328883	0.037919253081031716	0.034202714487996944	0.023998607393100033	0.04049369033595083	0.028468043560740893
address	1	265	Chain	1	0.027749105004147623	0.03184686091614265	0.03772144395238951	0.03358685392805881	0.023256308073605993	0.0397692177274404	0.027591408541942093
respond	1	265	Chain	1	0.02763560841670725	0.03171715085995321	0.037568735594086626	0.03326724779136074	0.02290526717883061	0.03939317944021761	0.027176752420565733
bought	1	265	Chain	1	0.023121626415750086	0.026554698956885794	0.031484818193265963	0.029419857350297618	0.021373478604623297	0.03486286813770364	0.02536672449506739
bulb	1	265	Chain	1	0.023111970681554773	0.026543648505975615	0.03147178245589417	0.029403288582203226	0.021358146898911263	0.03484334400438365	0.02534860253452092
compet	1	265	Chain	1	0.023103566207124906	0.026534030025891667	0.03146043590763278	0.029457995660564052	0.021446169392287887	0.03490780869604876	0.025452643014150598
unit	1	265	Chain	1	0.022632390499046768	0.02599475483660367	0.030824207257481903	0.0289141513466923	0.021086061478602716	0.03426690396819207	0.02502698197152352
direct	1	265	Chain	1	0.02240213779966179	0.02573119539291575	0.030513216223289112	0.02821808325537505	0.020281829548312823	0.03344641401741467	0.024076138348579225
phenomenon	1	265	Chain	1	0.02240154942235738	0.025730521881434883	0.030512421462963558	0.028258892399387753	0.020341550320110147	0.03349452378737094	0.0241467562707228
best	1	265	Chain	1	0.021661737137450614	0.024883568489873692	0.029512833740890965	0.027056650323345897	0.019272360695232416	0.03207689050721341	0.02288222963494938
refer	1	265	Chain	1	0.017514172577533595	0.02013181505168495	0.02389874385068107	0.023277435765039024	0.01761027370503077	0.027616363196731848	0.020915459723230105
govern	1	265	Chain	1	0.017390548947168554	0.019990090748536114	0.023731143300037342	0.023012210723110816	0.017331293509419966	0.027303082035750253	0.020585216273330806
review	1	265	Chain	1	0.017390548947168554	0.019990090748536114	0.023731143300037342	0.023012210723110816	0.017331293509419966	0.027303082035750253	0.020585216273330806
overwhelm	1	265	Chain	1	0.017384129903608193	0.019982731698571874	0.023722440375327673	0.023001644285784197	0.01732168280889581	0.027290600408951586	0.020573838957132374
epoch	1	265	Chain	1	0.0173719437988331	0.01996876101791132	0.023705918368035192	0.022981589823911495	0.017303446452472435	0.027266910894325345	0.020552250323014415
western	1	265	Chain	1	0.017370592237795888	0.019967211526348654	0.023704085902789215	0.02297936600121971	0.01730142457480877	0.027264283972470604	0.02054985676670048
manufactur	1	265	Chain	1	0.017195668682547877	0.01976666576186403	0.02346690660111207	0.022801918897166772	0.017207010264048195	0.02705466489524078	0.020438084359490155
antimicrobi	1	265	Chain	1	0.01711692054942157	0.019676379385058725	0.02336012175215746	0.022563455877721763	0.016924466805771855	0.026772945075172312	0.020103571118083967
remedi	1	265	Chain	1	0.01707744939069101	0.019631124064556905	0.023306595319627196	0.022499003634075997	0.016866261856984248	0.026696796897770485	0.020034655723975635
project	1	265	Chain	1	0.016971672759819516	0.019509844090404228	0.023163144986065184	0.022397752859156423	0.016818124153581436	0.026577168698771678	0.019977658917346083
scale	1	265	Chain	1	0.016864850052981717	0.019387360758745798	0.023018264572871195	0.022153065016406598	0.016554824183676282	0.02628804993508929	0.019665883541256365
postantibiot	1	265	Chain	1	0.011971578619590894	0.013772445460358352	0.01636933053637805	0.01673645217505511	0.013274527497908395	0.019880953900223614	0.015779028983805243
move	1	265	Chain	1	0.011968119589453331	0.013768473344489917	0.01636462187971347	0.016730903094613173	0.013269524471717642	0.019874383312950085	0.01577309712685882
popularli	1	265	Chain	1	0.011966266325851564	0.013766345180402845	0.01636209909185148	0.016727930250401337	0.01326684434921323	0.019870863204644453	0.015769919424795185
insid	1	265	Chain	1	0.011951065138146727	0.013748889106844811	0.016341406074968937	0.016703551544384423	0.013244870850644215	0.019841996527508603	0.015743866301929157
lab	1	265	Chain	1	0.011873154717343785	0.013659420484842696	0.016235344792189438	0.01661746229961368	0.01319412248237828	0.019740056625949503	0.015683695098224232
compound	1	265	Chain	1	0.011772328103865358	0.013543632846085058	0.016098078036889833	0.01641766717363924	0.012987824490999993	0.019503462517206183	0.015439080167325264
across	1	265	Chain	1	0.01175724103059296	0.013526306791386377	0.016077537400027042	0.016465037434932828	0.01307988280577023	0.019559559236980606	0.015548239398905745
lethal	1	265	Chain	1	0.011585600041587993	0.013329187995652426	0.01584383667058526	0.016120497171019297	0.012721867843861607	0.019151525256842297	0.015123697348443113
took	1	265	Chain	1	0.011576190599508936	0.01331838154998809	0.01583102422096906	0.016105562724052527	0.01270853534749636	0.019133837395364724	0.015107886257033723
too	1	265	Chain	1	0.01148286624152805	0.013211199809482337	0.015703943432874845	0.016065103191015777	0.012747187641251833	0.019085917964985304	0.01515372403369566
alway	1	265	Chain	1	0.01063274409027315	0.012234705948058821	0.014545916635439058	0.01480474813183824	0.01168377847033401	0.01759280844253066	0.013892379329774019
other	1	265	Chain	1	0.010134277624723376	0.011662024231152498	0.013866570553267335	0.015749075318101907	0.013874959509628998	0.018711595616593815	0.01649085106853386
concern	1	265	Chain	1	0.009217255818141926	0.010608242514844662	0.01261612862875898	0.014205310197752802	0.012402325880567128	0.016882417587056046	0.014744728330739433
“superbugs”	1	265	Chain	1	0.006930999578943959	0.00797974350856063	0.009494892214935978	0.010434697880454894	0.008883759210547262	0.012410148170898265	0.010568728612836822
had	1	265	Chain	1	0.006930999578943959	0.00797974350856063	0.009494892214935978	0.010434697880454894	0.008883759210547262	0.012410148170898265	0.010568728612836822
which	1	265	Chain	1	0.006930999578943959	0.00797974350856063	0.009494892214935978	0.010434697880454894	0.008883759210547262	0.012410148170898265	0.010568728612836822
extraordinari	1	265	Chain	1	0.006930999578943959	0.00797974350856063	0.009494892214935978	0.010434697880454894	0.008883759210547262	0.012410148170898265	0.010568728612836822
charter	1	265	Chain	1	0.006930999578943959	0.00797974350856063	0.009494892214935978	0.010434697880454894	0.008883759210547262	0.012410148170898265	0.010568728612836822
fluoresc	1	265	Chain	1	0.006930999578943959	0.00797974350856063	0.009494892214935978	0.010434697880454894	0.008883759210547262	0.012410148170898265	0.010568728612836822
tini	1	265	Chain	1	0.006930999578943959	0.00797974350856063	0.009494892214935978	0.010434697880454894	0.008883759210547262	0.012410148170898265	0.010568728612836822
kids’	1	265	Chain	1	0.006930999578943959	0.00797974350856063	0.009494892214935978	0.010434697880454894	0.008883759210547262	0.012410148170898265	0.010568728612836822
promis	1	265	Chain	1	0.006884139764477494	0.0079258498284367	0.009430862789265132	0.01037310888414487	0.00883867724321825	0.01233704478524033	0.010515186733165875
suddenli	1	265	Chain	1	0.006810208008194162	0.007840819023174524	0.009329837615492801	0.0102427469327123	0.008710949008074124	0.01218230529351103	0.010363484481205259
version	1	265	Chain	1	0.006699042034486681	0.007712960585387228	0.009177922704029486	0.010066600768452214	0.008552818632549938	0.011973207730610492	0.010175663468766295
more	1	265	Chain	1	0.006645468344235972	0.007651340828373938	0.00910470657842072	0.009995998763121183	0.008500946207477787	0.011889394357454857	0.01011404897546354
